{
	"color": "#ffff1e2b",
	"description": "",
	"display_name": "",
	"display_name_bool": false,
	"id": "character-1675203357.json",
	"mirror_portraits": false,
	"name": "The Fixer",
	"nickname": "",
	"nickname_bool": false,
	"offset_x": 0,
	"offset_y": 0,
	"portraits": [
		{
			"name": "Default",
			"path": "res://Assets/Portraits/Fixer/fixer_portrait_neutral.png"
		},
		{
			"name": "Shadow",
			"path": "res://Assets/Portraits/Fixer/fixer_portrait_shadow.png"
		},
		{
			"name": "Smile",
			"path": "res://Assets/Portraits/Fixer/fixer_portrait_smile.png"
		},
		{
			"name": "Secret",
			"path": "res://Assets/Portraits/Fixer/fixer_portrait_uwu.png"
		}
	],
	"scale": 50,
	"theme": ""
}
