{
	"files": [

	],
	"folders": {
		"Characters": {
			"files": [
				"character-1674002562.json",
				"character-1675203446.json",
				"character-1675203451.json",
				"character-1675203357.json",
				"character-1678144008.json"
			],
			"folders": {

			},
			"metadata": {
				"color": null,
				"folded": false
			}
		},
		"Definitions": {
			"files": [
				"1678837301-172",
				"1678834508-793"
			],
			"folders": {

			},
			"metadata": {
				"color": null,
				"folded": false
			}
		},
		"Themes": {
			"files": [
				"default-theme.cfg",
				"theme-1677774779.cfg",
				"theme-1679257626.cfg"
			],
			"folders": {

			},
			"metadata": {
				"color": null,
				"folded": false
			}
		},
		"Timelines": {
			"files": [

			],
			"folders": {
				"Phase 01": {
					"files": [

					],
					"folders": {
						"boss": {
							"files": [
								"timeline-1678138756.json",
								"timeline-1678140354.json",
								"timeline-1678234571.json",
								"timeline-1678235409.json",
								"timeline-1678235828.json",
								"timeline-1678236283.json",
								"timeline-1678236453.json",
								"timeline-1678236890.json",
								"timeline-1678240613.json"
							],
							"folders": {

							},
							"metadata": {
								"color": null,
								"folded": false
							}
						},
						"fixer": {
							"files": [
								"timeline-1675203497.json",
								"timeline-1675632467.json",
								"timeline-1675632856.json",
								"timeline-1675632999.json",
								"timeline-1678142374.json",
								"timeline-1678239320.json",
								"timeline-1678239419.json",
								"timeline-1678239540.json",
								"timeline-1678239857.json"
							],
							"folders": {

							},
							"metadata": {
								"color": null,
								"folded": false
							}
						},
						"manifestation": {
							"files": [
								"timeline-1675207311.json",
								"timeline-1678239083.json"
							],
							"folders": {

							},
							"metadata": {
								"color": null,
								"folded": false
							}
						}
					},
					"metadata": {
						"color": null,
						"folded": false
					}
				},
				"Phase 02": {
					"files": [

					],
					"folders": {
						"boss": {
							"files": [
								"timeline-1678555305.json"
							],
							"folders": {

							},
							"metadata": {
								"color": null,
								"folded": false
							}
						},
						"fixer": {
							"files": [

							],
							"folders": {

							},
							"metadata": {
								"color": null,
								"folded": false
							}
						},
						"manifestation": {
							"files": [
								"timeline-1678144277.json",
								"timeline-1678573277.json"
							],
							"folders": {

							},
							"metadata": {
								"color": null,
								"folded": false
							}
						}
					},
					"metadata": {
						"color": null,
						"folded": true
					}
				},
				"Phase 03": {
					"files": [

					],
					"folders": {
						"boss": {
							"files": [
								"timeline-1678678196.json"
							],
							"folders": {

							},
							"metadata": {
								"color": null,
								"folded": false
							}
						},
						"fixer": {
							"files": [

							],
							"folders": {

							},
							"metadata": {
								"color": null,
								"folded": false
							}
						},
						"manifestation": {
							"files": [
								"timeline-1678574247.json"
							],
							"folders": {

							},
							"metadata": {
								"color": null,
								"folded": false
							}
						}
					},
					"metadata": {
						"color": null,
						"folded": true
					}
				},
				"Phase 04": {
					"files": [

					],
					"folders": {
						"boss": {
							"files": [
								"timeline-1678679031.json"
							],
							"folders": {

							},
							"metadata": {
								"color": null,
								"folded": false
							}
						},
						"fixer": {
							"files": [

							],
							"folders": {

							},
							"metadata": {
								"color": null,
								"folded": false
							}
						},
						"manifestation": {
							"files": [
								"timeline-1678678820.json"
							],
							"folders": {

							},
							"metadata": {
								"color": null,
								"folded": false
							}
						}
					},
					"metadata": {
						"color": null,
						"folded": true
					}
				},
				"Phase 05": {
					"files": [

					],
					"folders": {
						"boss": {
							"files": [
								"timeline-1678680146.json"
							],
							"folders": {

							},
							"metadata": {
								"color": null,
								"folded": true
							}
						},
						"fixer": {
							"files": [

							],
							"folders": {

							},
							"metadata": {
								"color": null,
								"folded": false
							}
						},
						"manifestation": {
							"files": [
								"timeline-1678679726.json"
							],
							"folders": {

							},
							"metadata": {
								"color": null,
								"folded": true
							}
						}
					},
					"metadata": {
						"color": null,
						"folded": true
					}
				},
				"Phase 06": {
					"files": [

					],
					"folders": {
						"boss": {
							"files": [
								"timeline-1678828473.json"
							],
							"folders": {

							},
							"metadata": {
								"color": null,
								"folded": false
							}
						},
						"fixer": {
							"files": [

							],
							"folders": {

							},
							"metadata": {
								"color": null,
								"folded": false
							}
						},
						"manifestation": {
							"files": [
								"timeline-1678827969.json"
							],
							"folders": {

							},
							"metadata": {
								"color": null,
								"folded": false
							}
						}
					},
					"metadata": {
						"color": null,
						"folded": true
					}
				},
				"Phase 07": {
					"files": [

					],
					"folders": {
						"boss": {
							"files": [
								"timeline-1678835135.json"
							],
							"folders": {

							},
							"metadata": {
								"color": null,
								"folded": false
							}
						},
						"fixer": {
							"files": [

							],
							"folders": {

							},
							"metadata": {
								"color": null,
								"folded": false
							}
						},
						"manifestation": {
							"files": [
								"timeline-1678834613.json"
							],
							"folders": {

							},
							"metadata": {
								"color": null,
								"folded": false
							}
						}
					},
					"metadata": {
						"color": null,
						"folded": true
					}
				},
				"Phase 08": {
					"files": [

					],
					"folders": {
						"boss": {
							"files": [
								"timeline-1678837140.json"
							],
							"folders": {

							},
							"metadata": {
								"color": null,
								"folded": false
							}
						},
						"fixer": {
							"files": [

							],
							"folders": {

							},
							"metadata": {
								"color": null,
								"folded": false
							}
						},
						"manifestation": {
							"files": [
								"timeline-1678836191.json"
							],
							"folders": {

							},
							"metadata": {
								"color": null,
								"folded": false
							}
						}
					},
					"metadata": {
						"color": null,
						"folded": false
					}
				},
				"Phase 09": {
					"files": [

					],
					"folders": {
						"boss": {
							"files": [
								"timeline-1678903974.json"
							],
							"folders": {

							},
							"metadata": {
								"color": null,
								"folded": false
							}
						},
						"fixer": {
							"files": [

							],
							"folders": {

							},
							"metadata": {
								"color": null,
								"folded": false
							}
						},
						"manifestation": {
							"files": [
								"timeline-1678841370.json"
							],
							"folders": {

							},
							"metadata": {
								"color": null,
								"folded": false
							}
						}
					},
					"metadata": {
						"color": null,
						"folded": false
					}
				},
				"Phase 10": {
					"files": [

					],
					"folders": {
						"boss": {
							"files": [
								"timeline-1678999722.json"
							],
							"folders": {

							},
							"metadata": {
								"color": null,
								"folded": false
							}
						},
						"fixer": {
							"files": [
								"timeline-1678905786.json"
							],
							"folders": {

							},
							"metadata": {
								"color": null,
								"folded": false
							}
						},
						"manifestation": {
							"files": [
								"timeline-1678905442.json"
							],
							"folders": {

							},
							"metadata": {
								"color": null,
								"folded": false
							}
						}
					},
					"metadata": {
						"color": null,
						"folded": false
					}
				},
				"Phase 11": {
					"files": [

					],
					"folders": {
						"boss": {
							"files": [
								"timeline-1679020203.json"
							],
							"folders": {

							},
							"metadata": {
								"color": null,
								"folded": false
							}
						},
						"fixer": {
							"files": [
								"timeline-1679020222.json"
							],
							"folders": {

							},
							"metadata": {
								"color": null,
								"folded": false
							}
						},
						"manifestation": {
							"files": [
								"timeline-1679001282.json"
							],
							"folders": {

							},
							"metadata": {
								"color": null,
								"folded": false
							}
						}
					},
					"metadata": {
						"color": null,
						"folded": false
					}
				},
				"Phase 12": {
					"files": [

					],
					"folders": {
						"boss": {
							"files": [
								"timeline-1679257306.json"
							],
							"folders": {

							},
							"metadata": {
								"color": null,
								"folded": false
							}
						},
						"fixer": {
							"files": [
								"timeline-1679256331.json"
							],
							"folders": {

							},
							"metadata": {
								"color": null,
								"folded": false
							}
						},
						"manifestation": {
							"files": [
								"timeline-1679255645.json"
							],
							"folders": {

							},
							"metadata": {
								"color": null,
								"folded": false
							}
						}
					},
					"metadata": {
						"color": null,
						"folded": false
					}
				},
				"Postgame": {
					"files": [

					],
					"folders": {

					},
					"metadata": {
						"color": null,
						"folded": false
					}
				}
			},
			"metadata": {
				"color": null,
				"folded": false
			}
		}
	}
}
