{
	"events": [
		{
			"event_id": "dialogic_024",
			"set_theme": "theme-1677774779.cfg"
		},
		{
			"block_input": true,
			"event_id": "dialogic_050",
			"wait_time": 4
		},
		{
			"character": "character-1675203357.json",
			"event_id": "dialogic_001",
			"portrait": "",
			"text": "[i]I can't help shake the feeling that I'm being watched. Something about [color=#FDD838]The Vault[/color] feels shady.[/i]"
		},
		{
			"event_id": "dialogic_022",
			"transition_duration": 0.5
		}
	],
	"metadata": {
		"dialogic-version": "1.4.5",
		"file": "timeline-1675632999.json",
		"name": "fixer-demo3"
	}
}
