{
	"events": [
		{
			"emit_signal": "pause",
			"event_id": "dialogic_040"
		},
		{
			"animation": "instant_in.gd",
			"animation_length": 0,
			"change_mirror_portrait": false,
			"change_z_index": false,
			"character": "character-1675203451.json",
			"event_id": "dialogic_002",
			"mirror_portrait": false,
			"portrait": "Default",
			"portrait_definition": "",
			"position": {
				"0": false,
				"1": false,
				"2": false,
				"3": true,
				"4": false
			},
			"type": 0,
			"z_index": 0
		},
		{
			"animation": "[Default]",
			"animation_length": 0,
			"animation_wait": true,
			"change_mirror_portrait": false,
			"change_z_index": false,
			"character": "character-1675203357.json",
			"event_id": "dialogic_002",
			"mirror_portrait": false,
			"portrait": "Shadow",
			"portrait_definition": "",
			"position": {
				"0": true,
				"1": false,
				"2": false,
				"3": false,
				"4": false
			},
			"type": 0,
			"z_index": 0
		},
		{
			"character": "character-1675203451.json",
			"event_id": "dialogic_001",
			"portrait": "",
			"text": "\"You appear to have more questions.\""
		},
		{
			"character": "character-1675203357.json",
			"event_id": "dialogic_001",
			"portrait": "",
			"text": "\"Yeah. Why are you expanding into the hideout? If you're trying to increase the efficiency of weapons, why expand?\""
		},
		{
			"character": "character-1675203451.json",
			"event_id": "dialogic_001",
			"portrait": "",
			"text": "\"We have concluded that monitoring the actions of the Mafia's weapons is the most optimal way to create models of their behaviours.\""
		},
		{
			"character": "character-1675203357.json",
			"event_id": "dialogic_001",
			"portrait": "",
			"text": "\"Models of our behaviours? But why model us? Unless...\""
		},
		{
			"character": "character-1675203451.json",
			"event_id": "dialogic_001",
			"portrait": "",
			"text": "\"We have been tasked with increasing weapon efficiency. [pause=0.3]The most optimal solution is to generate more weapons to increase operating efficiency.\""
		},
		{
			"character": "character-1675203357.json",
			"event_id": "dialogic_001",
			"portrait": "",
			"text": "\"You're building an army? What, so these weapons all got made by you to arm them?\""
		},
		{
			"character": "character-1675203451.json",
			"event_id": "dialogic_001",
			"portrait": "",
			"text": "\"Your efficiency has increased by 46.783% since change has been made. [pause=0.3]Further training of models must be performed to increase efficiency further.\""
		},
		{
			"animation": "[Default]",
			"animation_length": 0,
			"change_mirror_portrait": false,
			"change_z_index": false,
			"character": "[All]",
			"event_id": "dialogic_002",
			"mirror_portrait": false,
			"portrait": "",
			"portrait_definition": "",
			"position": {
				"0": false,
				"1": false,
				"2": false,
				"3": false,
				"4": false
			},
			"type": 1,
			"z_index": 0
		},
		{
			"emit_signal": "unpause",
			"event_id": "dialogic_040"
		}
	],
	"metadata": {
		"dialogic-version": "1.4.5",
		"file": "timeline-1678836191.json",
		"name": "manifestation-8"
	}
}
