{
	"events": [
		{
			"emit_signal": "pause",
			"event_id": "dialogic_040"
		},
		{
			"animation": "[Default]",
			"animation_length": 0,
			"change_mirror_portrait": false,
			"change_z_index": false,
			"character": "character-1675203446.json",
			"event_id": "dialogic_002",
			"mirror_portrait": false,
			"portrait": "Default",
			"portrait_definition": "",
			"position": {
				"0": false,
				"1": true,
				"2": false,
				"3": false,
				"4": false
			},
			"type": 0,
			"z_index": 0
		},
		{
			"animation": "[Default]",
			"animation_length": 0,
			"animation_wait": true,
			"change_mirror_portrait": false,
			"change_z_index": false,
			"character": "character-1675203357.json",
			"event_id": "dialogic_002",
			"mirror_portrait": true,
			"portrait": "Default",
			"portrait_definition": "",
			"position": {
				"0": false,
				"1": false,
				"2": false,
				"3": true,
				"4": false
			},
			"type": 0,
			"z_index": 0
		},
		{
			"character": "character-1675203446.json",
			"event_id": "dialogic_001",
			"portrait": "",
			"text": "\"Well, kid, looks like you've got yourself a new job title.\""
		},
		{
			"character": "character-1675203357.json",
			"event_id": "dialogic_001",
			"portrait": "",
			"text": "\"Does that mean I gotta change my name now?\""
		},
		{
			"character": "character-1675203446.json",
			"event_id": "dialogic_001",
			"portrait": "Crossed",
			"text": "\"I think it suits you still.\""
		},
		{
			"character": "character-1675203357.json",
			"event_id": "dialogic_001",
			"portrait": "Smile",
			"text": "\"When a job needs a clean weapon, it's up to me to go find it.\""
		},
		{
			"character": "character-1675203446.json",
			"event_id": "dialogic_001",
			"portrait": "",
			"text": "\"Unless of course, you feel like keeping it for yourself.\""
		},
		{
			"character": "character-1675203357.json",
			"event_id": "dialogic_001",
			"portrait": "",
			"text": "\"Well, I gotta have some nice things, right?\"\n\"Perks of the job.\""
		},
		{
			"character": "character-1675203446.json",
			"event_id": "dialogic_001",
			"portrait": "Default",
			"text": "\"So what now? You feeling up for your new assignment?\""
		},
		{
			"character": "character-1675203357.json",
			"event_id": "dialogic_001",
			"portrait": "",
			"text": "\"Oh, I'm more than happy to knock some heads around down there again.\""
		},
		{
			"character": "character-1675203446.json",
			"event_id": "dialogic_001",
			"portrait": "Smile",
			"text": "\"Then congrats on your promotion, Fixer.\""
		},
		{
			"animation": "[Default]",
			"animation_length": 0,
			"change_mirror_portrait": false,
			"change_z_index": false,
			"character": "[All]",
			"event_id": "dialogic_002",
			"mirror_portrait": false,
			"portrait": "",
			"portrait_definition": "",
			"position": {
				"0": false,
				"1": false,
				"2": false,
				"3": false,
				"4": false
			},
			"type": 1,
			"z_index": 0
		},
		{
			"emit_signal": "hide_screen",
			"event_id": "dialogic_040"
		},
		{
			"event_id": "dialogic_023",
			"hide_dialogbox": true,
			"wait_seconds": 1
		},
		{
			"event_id": "dialogic_024",
			"set_theme": "theme-1679257626.cfg"
		},
		{
			"block_input": true,
			"event_id": "dialogic_050",
			"wait_time": 5
		},
		{
			"character": "",
			"event_id": "dialogic_001",
			"portrait": "",
			"text": "[b]THE FIXER[/b]"
		},
		{
			"character": "",
			"event_id": "dialogic_001",
			"portrait": "",
			"text": "[b]Development Team:[/b][br][br]    Art: Victoria Lee, Ronan Sandoval[br]    Audio: Evan Higgs, Victoria Lee[br]    Programming: Yalmaz Abdullah, Marcus Der[br]    Writer: Shashank Bhat"
		},
		{
			"character": "",
			"event_id": "dialogic_001",
			"portrait": "",
			"text": "[b]Playtesters:[/b][br][br] [[INSERT PLAYTESTERS]]"
		},
		{
			"character": "",
			"event_id": "dialogic_001",
			"portrait": "",
			"text": "[b]Godot Plugins Used:[/b][br][br]   Dialogic by Emi[br]    Wwise Godot Integreation by Alessandro Famà"
		},
		{
			"character": "",
			"event_id": "dialogic_001",
			"portrait": "",
			"text": "[b]Thank you for playing![/b]"
		},
		{
			"emit_signal": "reveal_screen",
			"event_id": "dialogic_040"
		},
		{
			"emit_signal": "unpause",
			"event_id": "dialogic_040"
		},
		{
			"event_id": "dialogic_022",
			"transition_duration": 2
		}
	],
	"metadata": {
		"dialogic-version": "1.4.5",
		"file": "timeline-1679257306.json",
		"name": "boss-manifestation12win"
	}
}
