{
	"events": [
		{
			"emit_signal": "pause",
			"event_id": "dialogic_040"
		},
		{
			"animation": "[Default]",
			"animation_length": 0,
			"animation_wait": true,
			"change_mirror_portrait": false,
			"change_z_index": false,
			"character": "character-1675203357.json",
			"event_id": "dialogic_002",
			"mirror_portrait": false,
			"portrait": "Smile",
			"portrait_definition": "",
			"position": {
				"0": false,
				"1": false,
				"2": true,
				"3": false,
				"4": false
			},
			"type": 0,
			"z_index": 0
		},
		{
			"character": "character-1675203357.json",
			"event_id": "dialogic_001",
			"portrait": "",
			"text": "[i]I know the ol' rust bucket's just gonna get back up again but...[/i]"
		},
		{
			"emit_signal": "hide_screen",
			"event_id": "dialogic_040"
		},
		{
			"audio": "play",
			"audio_bus": "Master",
			"event_id": "dialogic_030",
			"event_name": "AudioEvent",
			"file": "",
			"volume": 0
		},
		{
			"character": "character-1675203357.json",
			"event_id": "dialogic_001",
			"portrait": "",
			"text": "[i]That oughta send a nice and clear message.[/i]"
		},
		{
			"character": "character-1675203357.json",
			"event_id": "dialogic_001",
			"portrait": "Default",
			"text": "[i]But what was it talking about? [pause=0.1]About me getting authorization if I were to become the Boss?[/i]\n[i]If I don't have authorization... [pause=0.2]Does that mean that the Boss does?[/i]"
		},
		{
			"character": "character-1675203357.json",
			"event_id": "dialogic_001",
			"portrait": "Smile",
			"text": "[i]I've just had an awful idea.[/i]"
		},
		{
			"animation": "[Default]",
			"animation_length": 0,
			"change_mirror_portrait": false,
			"change_z_index": false,
			"character": "[All]",
			"event_id": "dialogic_002",
			"mirror_portrait": false,
			"portrait": "",
			"portrait_definition": "",
			"position": {
				"0": false,
				"1": false,
				"2": false,
				"3": false,
				"4": false
			},
			"type": 1,
			"z_index": 0
		},
		{
			"emit_signal": "reveal_screen",
			"event_id": "dialogic_040"
		},
		{
			"emit_signal": "unpause",
			"event_id": "dialogic_040"
		}
	],
	"metadata": {
		"dialogic-version": "1.4.5",
		"file": "timeline-1679020222.json",
		"name": "fixer-post11win"
	}
}
