{
	"events": [
		{
			"emit_signal": "pause",
			"event_id": "dialogic_040"
		},
		{
			"animation": "[Default]",
			"animation_length": 0,
			"change_mirror_portrait": false,
			"change_z_index": false,
			"character": "character-1675203357.json",
			"event_id": "dialogic_002",
			"mirror_portrait": false,
			"portrait": "Shadow",
			"portrait_definition": "",
			"position": {
				"0": false,
				"1": true,
				"2": false,
				"3": false,
				"4": false
			},
			"type": 0,
			"z_index": 0
		},
		{
			"character": "character-1675203357.json",
			"event_id": "dialogic_001",
			"portrait": "",
			"text": "\"Stay down.\"\n\"Boss, it's go time.\""
		},
		{
			"animation": "[Default]",
			"animation_length": 0,
			"change_mirror_portrait": false,
			"change_z_index": false,
			"character": "character-1675203446.json",
			"event_id": "dialogic_002",
			"mirror_portrait": false,
			"portrait": "Default",
			"portrait_definition": "",
			"position": {
				"0": true,
				"1": false,
				"2": false,
				"3": false,
				"4": false
			},
			"type": 0,
			"z_index": 0
		},
		{
			"character": "character-1675203446.json",
			"event_id": "dialogic_001",
			"portrait": "",
			"text": "\"Fine work in there.\""
		},
		{
			"character": "character-1675203357.json",
			"event_id": "dialogic_001",
			"portrait": "",
			"text": "\"Yeah, yeah, we can talk promotions afterwards. For now, we need to shut this all down.\""
		},
		{
			"emit_signal": "hide_screen",
			"event_id": "dialogic_040"
		},
		{
			"event_id": "dialogic_023",
			"hide_dialogbox": true,
			"wait_seconds": 1
		},
		{
			"character": "character-1675203446.json",
			"event_id": "dialogic_001",
			"portrait": "",
			"text": "\"!!\"\n\"What am I looking at here, kid?\""
		},
		{
			"character": "character-1675203357.json",
			"event_id": "dialogic_001",
			"portrait": "Default",
			"text": "\"Beats me, but I got a feeling that one there's the brains of this thing.\""
		},
		{
			"animation": "[No Animation]",
			"animation_length": 0.5,
			"change_mirror_portrait": false,
			"change_position": true,
			"change_z_index": false,
			"character": "character-1675203446.json",
			"event_id": "dialogic_002",
			"mirror_portrait": false,
			"portrait": "(Don't change)",
			"portrait_definition": "",
			"position": {
				"0": false,
				"1": false,
				"2": false,
				"3": true,
				"4": false
			},
			"type": 2,
			"z_index": 0
		},
		{
			"character": "character-1675203446.json",
			"event_id": "dialogic_001",
			"portrait": "Crossed",
			"text": "\"What is this?\"\n\"'Increase efficiency, generates weapons, train behaviour model'?\""
		},
		{
			"character": "character-1675203357.json",
			"event_id": "dialogic_001",
			"portrait": "",
			"text": "\"Those must be the instructions for this hunk of junk. Delete the message and we can put this whole thing behind us.\""
		},
		{
			"character": "character-1675203446.json",
			"event_id": "dialogic_001",
			"portrait": "Shadow Cross",
			"text": "\"...\""
		},
		{
			"character": "character-1675203357.json",
			"event_id": "dialogic_001",
			"portrait": "",
			"text": "[i]He's only got the bits about efficiency and training crossed off?[/i]\n\"Boss, what are you doing?\""
		},
		{
			"character": "character-1675203446.json",
			"event_id": "dialogic_001",
			"portrait": "Crossed",
			"text": "\"I've been thinking, [pause=0.2]if I were to stop this thing fully, you'd be out of a job.\""
		},
		{
			"character": "character-1675203357.json",
			"event_id": "dialogic_001",
			"portrait": "",
			"text": "\"Wh- I... [pause=0.2]I guess?\""
		},
		{
			"character": "character-1675203446.json",
			"event_id": "dialogic_001",
			"portrait": "Smile",
			"text": "\"I like having you around, kid. You're a part of the family and that means we look out for each other.\""
		},
		{
			"character": "character-1675203357.json",
			"event_id": "dialogic_001",
			"portrait": "",
			"text": "\"So what then? You're gonna let this thing keep going?\""
		},
		{
			"character": "character-1675203446.json",
			"event_id": "dialogic_001",
			"portrait": "Default",
			"text": "\"Not quite.\"\n\"I'm giving you a new assignment, [pause=0.3][color=#ff1e2b]disarm the Vault[/color].\"\n\"You keep coming down here and take the guns and knives away from these crazy machines.\""
		},
		{
			"character": "character-1675203357.json",
			"event_id": "dialogic_001",
			"portrait": "",
			"text": "\"...\""
		},
		{
			"character": "character-1675203357.json",
			"event_id": "dialogic_001",
			"portrait": "Smile",
			"text": "\"I think I get what you're getting at.\""
		},
		{
			"character": "character-1675203446.json",
			"event_id": "dialogic_001",
			"portrait": "Smile",
			"text": "\"And if you happen to run into our friend again, maybe it could use a reminder of we are.\""
		},
		{
			"character": "character-1675203357.json",
			"event_id": "dialogic_001",
			"portrait": "",
			"text": "\"I think I could handle that.\"\n\"Course, the pay would have to be good.\""
		},
		{
			"character": "character-1675203446.json",
			"event_id": "dialogic_001",
			"portrait": "",
			"text": "\"You got guts, kid. I'll see to it that you get proper compensation for all that you've done for us.\""
		},
		{
			"character": "character-1675203446.json",
			"event_id": "dialogic_001",
			"portrait": "Default",
			"text": "\"But for now, I think it's time our friend got a pair of cement shoes.\""
		},
		{
			"character": "",
			"event_id": "dialogic_001",
			"portrait": "",
			"text": "[i]DING![/i]"
		},
		{
			"character": "character-1675203357.json",
			"event_id": "dialogic_001",
			"portrait": "Default",
			"text": "\"You did it.\"\n\"It's finally over.\""
		},
		{
			"character": "character-1675203446.json",
			"event_id": "dialogic_001",
			"portrait": "",
			"text": "\"Damn right, now let's get out of here.\""
		},
		{
			"animation": "[Default]",
			"animation_length": 0,
			"animation_wait": true,
			"change_mirror_portrait": false,
			"change_z_index": false,
			"character": "[All]",
			"event_id": "dialogic_002",
			"mirror_portrait": false,
			"portrait": "",
			"portrait_definition": "",
			"position": {
				"0": false,
				"1": false,
				"2": false,
				"3": false,
				"4": false
			},
			"type": 1,
			"z_index": 0
		},
		{
			"emit_signal": "reveal_screen",
			"event_id": "dialogic_040"
		},
		{
			"emit_signal": "unpause",
			"event_id": "dialogic_040"
		}
	],
	"metadata": {
		"dialogic-version": "1.4.5",
		"file": "timeline-1679256331.json",
		"name": "fixer-post12win"
	}
}
