{
	"events": [
		{
			"emit_signal": "pause",
			"event_id": "dialogic_040"
		},
		{
			"emit_signal": "hide_screen",
			"event_id": "dialogic_040"
		},
		{
			"character": "character-1675203357.json",
			"event_id": "dialogic_001",
			"portrait": "",
			"text": "[i]My job used to be pretty simple. Get in, get the goods, get out.[/i]"
		},
		{
			"character": "character-1675203357.json",
			"event_id": "dialogic_001",
			"portrait": "",
			"text": "[i]But this time?[/i]"
		},
		{
			"character": "character-1675203357.json",
			"event_id": "dialogic_001",
			"portrait": "",
			"text": "[i]I knew that this time was gonna be different.[/i]"
		},
		{
			"emit_signal": "reveal_screen",
			"event_id": "dialogic_040"
		},
		{
			"emit_signal": "unpause",
			"event_id": "dialogic_040"
		}
	],
	"metadata": {
		"dialogic-version": "1.4.5",
		"file": "timeline-1675203497.json",
		"name": "fixer-default"
	}
}
