{
	"events": [
		{
			"emit_signal": "pause",
			"event_id": "dialogic_040"
		},
		{
			"animation": "[Default]",
			"animation_length": 0,
			"change_mirror_portrait": false,
			"change_z_index": false,
			"character": "character-1675203446.json",
			"event_id": "dialogic_002",
			"mirror_portrait": false,
			"portrait": "Default",
			"portrait_definition": "",
			"position": {
				"0": false,
				"1": true,
				"2": false,
				"3": false,
				"4": false
			},
			"type": 0,
			"z_index": 0
		},
		{
			"animation": "[Default]",
			"animation_length": 0,
			"animation_wait": true,
			"change_mirror_portrait": false,
			"change_z_index": false,
			"character": "character-1675203357.json",
			"event_id": "dialogic_002",
			"mirror_portrait": true,
			"portrait": "Smile",
			"portrait_definition": "",
			"position": {
				"0": false,
				"1": false,
				"2": false,
				"3": true,
				"4": false
			},
			"type": 0,
			"z_index": 0
		},
		{
			"character": "character-1675203446.json",
			"event_id": "dialogic_001",
			"portrait": "",
			"text": "\"You look cheery.\""
		},
		{
			"character": "character-1675203357.json",
			"event_id": "dialogic_001",
			"portrait": "",
			"text": "\"Can't help smiling after a job well done, Boss.\""
		},
		{
			"character": "character-1675203446.json",
			"event_id": "dialogic_001",
			"portrait": "",
			"text": "\"You telling me you whacked our troublesome friend? For good?\""
		},
		{
			"character": "character-1675203357.json",
			"event_id": "dialogic_001",
			"portrait": "",
			"text": "\"I don't wanna say anything yet but, let's just say our friends gotten a couple of screws knocked loose recently.\""
		},
		{
			"emit_signal": "shake_screen",
			"event_id": "dialogic_040"
		},
		{
			"animation": "shake_x.gd",
			"animation_length": 0.5,
			"change_mirror_portrait": false,
			"change_position": false,
			"change_z_index": false,
			"character": "character-1675203357.json",
			"event_id": "dialogic_002",
			"mirror_portrait": false,
			"portrait": "Shadow",
			"portrait_definition": "",
			"position": {
				"0": false,
				"1": false,
				"2": false,
				"3": false,
				"4": false
			},
			"type": 2,
			"z_index": 0
		},
		{
			"animation": "shake_x.gd",
			"animation_length": 0.5,
			"animation_wait": true,
			"change_mirror_portrait": false,
			"change_position": false,
			"change_z_index": false,
			"character": "character-1675203446.json",
			"event_id": "dialogic_002",
			"mirror_portrait": false,
			"portrait": "(Don't change)",
			"portrait_definition": "",
			"position": {
				"0": false,
				"1": false,
				"2": false,
				"3": false,
				"4": false
			},
			"type": 2,
			"z_index": 0
		},
		{
			"character": "character-1675203446.json",
			"event_id": "dialogic_001",
			"portrait": "Crossed",
			"text": "\"I take it our [i]friend[/i] isn't sleeping with the fishes anymore.\""
		},
		{
			"character": "character-1675203357.json",
			"event_id": "dialogic_001",
			"portrait": "",
			"text": "\"I uh...\""
		},
		{
			"character": "character-1675203446.json",
			"event_id": "dialogic_001",
			"portrait": "Default",
			"text": "\"Hey, [pause=0.3]I figure you did a good job of pissing it off though.\"\n\"Never heard a machine scream like that before.\""
		},
		{
			"character": "character-1675203357.json",
			"event_id": "dialogic_001",
			"portrait": "Default",
			"text": "\"You mean...\""
		},
		{
			"character": "character-1675203357.json",
			"event_id": "dialogic_001",
			"portrait": "Smile",
			"text": "\"Our friend's got a sense of 'respect' about our little operation here.\""
		},
		{
			"character": "character-1675203446.json",
			"event_id": "dialogic_001",
			"portrait": "(Don't change)",
			"text": "\"Looks like you should show it what we do to bones that don't stay down.\""
		},
		{
			"animation": "[Default]",
			"animation_length": 0,
			"change_mirror_portrait": false,
			"change_z_index": false,
			"character": "[All]",
			"event_id": "dialogic_002",
			"mirror_portrait": false,
			"portrait": "",
			"portrait_definition": "",
			"position": {
				"0": false,
				"1": false,
				"2": false,
				"3": false,
				"4": false
			},
			"type": 1,
			"z_index": 0
		},
		{
			"emit_signal": "unpause",
			"event_id": "dialogic_040"
		},
		{
			"emit_signal": "bubble",
			"event_id": "dialogic_040"
		},
		{
			"event_id": "dialogic_024",
			"set_theme": "theme-1677774779.cfg"
		},
		{
			"block_input": true,
			"event_id": "dialogic_050",
			"wait_time": 3
		},
		{
			"character": "",
			"event_id": "dialogic_001",
			"portrait": "",
			"text": "[i]This time, I'm gonna make [color=#fdd838]you[/color] pay.[/i]"
		},
		{
			"event_id": "dialogic_022",
			"transition_duration": 0.5
		}
	],
	"metadata": {
		"dialogic-version": "1.4.5",
		"file": "timeline-1678999722.json",
		"name": "boss-manifestation10win"
	}
}
