{
	"events": [
		{
			"emit_signal": "pause",
			"event_id": "dialogic_040"
		},
		{
			"animation": "[Default]",
			"animation_length": 0,
			"change_mirror_portrait": false,
			"change_z_index": false,
			"character": "character-1675203446.json",
			"event_id": "dialogic_002",
			"mirror_portrait": false,
			"portrait": "Default",
			"portrait_definition": "",
			"position": {
				"0": false,
				"1": true,
				"2": false,
				"3": false,
				"4": false
			},
			"type": 0,
			"z_index": 0
		},
		{
			"animation": "[Default]",
			"animation_length": 0,
			"animation_wait": true,
			"change_mirror_portrait": false,
			"change_z_index": false,
			"character": "character-1675203357.json",
			"event_id": "dialogic_002",
			"mirror_portrait": true,
			"portrait": "Default",
			"portrait_definition": "",
			"position": {
				"0": false,
				"1": false,
				"2": false,
				"3": true,
				"4": false
			},
			"type": 0,
			"z_index": 0
		},
		{
			"audio": "play",
			"audio_bus": "Master",
			"event_id": "dialogic_030",
			"event_name": "AudioEvent",
			"file": "",
			"volume": 0
		},
		{
			"character": "character-1675203357.json",
			"event_id": "dialogic_001",
			"portrait": "Shadow",
			"text": "\"...\""
		},
		{
			"character": "character-1675203446.json",
			"event_id": "dialogic_001",
			"portrait": "Crossed",
			"text": "\"Something troubling you?\""
		},
		{
			"character": "character-1675203357.json",
			"event_id": "dialogic_001",
			"portrait": "",
			"text": "\"...Don't be surprised if you find the phone, uh, [pause=0.5]disconnected.\""
		},
		{
			"character": "character-1675203446.json",
			"event_id": "dialogic_001",
			"portrait": "Default",
			"text": "\"I didn't think the solicitors were that bad.\""
		},
		{
			"animation": "[Default]",
			"animation_length": 0,
			"animation_wait": true,
			"change_mirror_portrait": false,
			"change_z_index": false,
			"character": "[All]",
			"event_id": "dialogic_002",
			"mirror_portrait": false,
			"portrait": "",
			"portrait_definition": "",
			"position": {
				"0": false,
				"1": false,
				"2": false,
				"3": false,
				"4": false
			},
			"type": 1,
			"z_index": 0
		},
		{
			"emit_signal": "unpause",
			"event_id": "dialogic_040"
		},
		{
			"emit_signal": "bubble",
			"event_id": "dialogic_040"
		},
		{
			"event_id": "dialogic_024",
			"set_theme": "theme-1677774779.cfg"
		},
		{
			"block_input": true,
			"event_id": "dialogic_050",
			"wait_time": 3
		},
		{
			"character": "character-1675203357.json",
			"event_id": "dialogic_001",
			"portrait": "",
			"text": "\"It's more the agressive collect calls I can't stand.\""
		},
		{
			"event_id": "dialogic_022",
			"transition_duration": 0.5
		}
	],
	"metadata": {
		"dialogic-version": "1.4.5",
		"file": "timeline-1678236890.json",
		"name": "boss-1-beetlekill"
	}
}
