{
	"events": [
		{
			"emit_signal": "pause",
			"event_id": "dialogic_040"
		},
		{
			"animation": "instant_in.gd",
			"animation_length": 0,
			"animation_wait": false,
			"change_mirror_portrait": false,
			"change_z_index": false,
			"character": "character-1678144008.json",
			"event_id": "dialogic_002",
			"mirror_portrait": false,
			"portrait": "Default",
			"portrait_definition": "",
			"position": {
				"0": false,
				"1": false,
				"2": false,
				"3": true,
				"4": false
			},
			"type": 0,
			"z_index": 0
		},
		{
			"animation": "[Default]",
			"animation_length": 0,
			"animation_wait": true,
			"change_mirror_portrait": false,
			"change_z_index": false,
			"character": "character-1675203357.json",
			"event_id": "dialogic_002",
			"mirror_portrait": false,
			"portrait": "Shadow",
			"portrait_definition": "",
			"position": {
				"0": true,
				"1": false,
				"2": false,
				"3": false,
				"4": false
			},
			"type": 0,
			"z_index": 0
		},
		{
			"character": "character-1675203357.json",
			"event_id": "dialogic_001",
			"portrait": "(Don't change)",
			"text": "[i]I don't like the way it sits there when I walk in. Like the calm before the storm.[/i]\n\"I think it's your turn to get bashed around this time.\""
		},
		{
			"character": "character-1678144008.json",
			"event_id": "dialogic_001",
			"portrait": "",
			"text": "\"[i]Your turn to get bashed around this time[/i].\""
		},
		{
			"character": "character-1675203357.json",
			"event_id": "dialogic_001",
			"portrait": "Shadow",
			"text": "[i]I hate that its probably right.[i]"
		},
		{
			"animation": "[Default]",
			"animation_length": 0,
			"change_mirror_portrait": false,
			"change_z_index": false,
			"character": "[All]",
			"event_id": "dialogic_002",
			"mirror_portrait": false,
			"portrait": "",
			"portrait_definition": "",
			"position": {
				"0": false,
				"1": false,
				"2": false,
				"3": false,
				"4": false
			},
			"type": 1,
			"z_index": 0
		},
		{
			"emit_signal": "unpause",
			"event_id": "dialogic_040"
		}
	],
	"metadata": {
		"dialogic-version": "1.4.5",
		"file": "timeline-1678573277.json",
		"name": "manifestation-2-fight"
	}
}
