{
	"events": [
		{
			"emit_signal": "pause",
			"event_id": "dialogic_040"
		},
		{
			"animation": "2-fade_in_up.gd",
			"animation_length": 0.5,
			"change_mirror_portrait": false,
			"change_z_index": false,
			"character": "character-1675203446.json",
			"event_id": "dialogic_002",
			"mirror_portrait": false,
			"portrait": "Default",
			"portrait_definition": "",
			"position": {
				"0": false,
				"1": true,
				"2": false,
				"3": false,
				"4": false
			},
			"type": 0,
			"z_index": 0
		},
		{
			"animation": "2-fade_in_up.gd",
			"animation_length": 0.5,
			"animation_wait": true,
			"change_mirror_portrait": false,
			"change_z_index": false,
			"character": "character-1678144008.json",
			"event_id": "dialogic_002",
			"mirror_portrait": true,
			"portrait": "Default",
			"portrait_definition": "",
			"position": {
				"0": false,
				"1": false,
				"2": false,
				"3": true,
				"4": false
			},
			"type": 0,
			"z_index": 0
		},
		{
			"character": "character-1675203446.json",
			"event_id": "dialogic_001",
			"portrait": "Crossed",
			"text": "\"So you're telling me it just walks up to youse with a knife? And that's what sent you back?\""
		},
		{
			"character": "character-1675203357.json",
			"event_id": "dialogic_001",
			"portrait": "",
			"text": "\"To be fair though Boss, it's real cute.\""
		},
		{
			"character": "character-1675203446.json",
			"event_id": "dialogic_001",
			"portrait": "",
			"text": "\"...\"\n\"How cute are we talking?\""
		},
		{
			"character": "character-1675203357.json",
			"event_id": "dialogic_001",
			"portrait": "",
			"text": "\"It's just a little guy, Boss.\""
		},
		{
			"animation": "5-fade_out_down.gd",
			"animation_length": 0.5,
			"animation_wait": true,
			"change_mirror_portrait": false,
			"change_z_index": false,
			"character": "[All]",
			"event_id": "dialogic_002",
			"mirror_portrait": false,
			"portrait": "",
			"portrait_definition": "",
			"position": {
				"0": false,
				"1": false,
				"2": false,
				"3": false,
				"4": false
			},
			"type": 1,
			"z_index": 0
		},
		{
			"emit_signal": "unpause",
			"event_id": "dialogic_040"
		},
		{
			"emit_signal": "bubble",
			"event_id": "dialogic_040"
		},
		{
			"event_id": "dialogic_024",
			"set_theme": "theme-1677774779.cfg"
		},
		{
			"block_input": true,
			"event_id": "dialogic_050",
			"wait_time": 3
		},
		{
			"character": "character-1675203357.json",
			"event_id": "dialogic_001",
			"portrait": "",
			"text": "\"I would not recommend hugging it though.\""
		},
		{
			"event_id": "dialogic_022",
			"transition_duration": 1
		}
	],
	"metadata": {
		"dialogic-version": "1.4.5",
		"file": "timeline-1678236283.json",
		"name": "boss-1-pillbugkill"
	}
}
