{
	"events": [
		{
			"event_id": "dialogic_024",
			"set_theme": "theme-1677774779.cfg"
		},
		{
			"block_input": true,
			"event_id": "dialogic_050",
			"wait_time": 3
		},
		{
			"character": "character-1675203357.json",
			"event_id": "dialogic_001",
			"portrait": "",
			"text": "\"Let's see you try to take my picture again.\""
		},
		{
			"event_id": "dialogic_022",
			"transition_duration": 0.5
		}
	],
	"metadata": {
		"dialogic-version": "1.4.5",
		"file": "timeline-1678239419.json",
		"name": "fixer-1-spyder"
	}
}
